PLUIDM|PLUIGR|DESKRIPSI|SALDO_AWAL|BPB_QTY|BPBR_QTY|MPP_QTY|ADJP_QTY|DSPB_QTY|MPN_QTY|ADJM_QTY|SALDO_AKHIR
10000451|0005200|"CLOSE UP PASTA GIGI GEL GREEN MENTHOL FRESH TUB 65g"|-1920|0|5|0|0|444|0|0|-2359
10037208|0005210|"CLOSE UP PASTA GIGI DEEP ACTION (33329) MENTHOL FRESH TUB 110g"|-4285|96|18|0|0|108|0|0|-4279
10003569|0012010|"CLOSE UP PASTA GIGI GEL GREEN EVER FRESH TUB 160g"|-5917|1920|1|0|0|304|0|0|-4300
10000621|0026040|"SANGOBION OBAT TAMBAH DARAH (10'S)  STR "|0|0|0|0|0|6|0|0|-6
10004048|0036630|"PEPSODENT PASTA GIGI WHITE  TUB 75g"|-6420|0|0|0|0|1474|0|0|-7894
10004714|0039020|"PEPSODENT PASTA GIGI WHITE  TUB 120g"|-3676|0|0|0|0|508|0|0|-4184
10004715|0039030|"PEPSODENT PASTA GIGI WHITE  TUB 190g"|-1953|0|0|0|0|288|0|0|-2241
10004610|0047840|"SOS PEMBERSIH LANTAI REFILL APPLE PCH 750mL"|684|408|1|0|0|75|0|0|1018
10004034|0049860|"VIXAL PEMBERSIH KERAMIK PORS BIRU BTL 780/750mL"|-1476|0|0|0|0|132|0|0|-1608
10003359|0065910|"WIPOL PEMBERSIH LANTAI CLASSIC PINE BTL 800/750mL"|-724|0|0|0|0|14|0|0|-738
10000305|0110500|"BANGO KECAP MANIS (66269)  BTL 275mL"|211|0|0|0|0|107|0|0|104
10004032|0148180|"VIXAL PEMBERSIH PORSELIN (41404) GREEN BTL 780/750mL"|-427|108|0|0|0|84|0|0|-403
10014263|0232980|"WIPOL KARBOL WANGI CEMARA PCH 780/750mL"|-870|0|0|0|0|54|0|0|-924
10005820|0277080|"ROYCO BUMBU KALDU (18023) AYAM PCK 100g"|406|0|0|0|0|330|0|0|76
10005821|0277090|"ROYCO BUMBU KALDU (18025) DAGING SAPI PCK 100g"|-1284|0|0|0|0|173|0|0|-1457
10006263|0294620|"HEMAVITON ENERGI DRINK  BTL 150mL"|666|650|0|0|0|955|0|0|361
10007971|0337730|"BUAVITA JUICE SLIM (82317) ORANGE TPK 250mL"|561|408|0|0|0|318|0|0|651
10007973|0337740|"BUAVITA JUICE SLIM (82313) MANGGA TPK 250mL"|-155|672|0|0|0|563|0|0|-46
10007970|0337750|"BUAVITA JUICE SLIM (82314) JAMBU TPK 250mL"|-7128|0|0|0|0|504|0|0|-7632
10007974|0337770|"BUAVITA JUICE SLIM (82207) LYCHEE TPK 250mL"|2093|504|0|0|0|332|0|0|2265
10007972|0337780|"BUAVITA JUICE SLIM (82312) APPLE TPK 250mL"|343|336|0|0|0|254|0|0|425
10008819|0345050|"BANGO KECAP MANIS REFILL 10050/10034  PCH 550/520mL"|-21228|0|0|0|0|396|0|0|-21624
10010220|0359460|"SARIWANGI TEH CELUP ASLI BOX 50X1.9g"|1481|0|0|0|0|68|0|0|1413
10010480|0362830|"SUPER PELL PEMBERSIH LANTAI REF FRESH APPLE PCH 780/770mL"|-80|144|0|0|0|97|0|0|-33
10014260|0362840|"SUPER PELL PEMBERSIH LANTAI REF LEMON GINGER PCH 780/770mL"|-685|168|0|0|0|57|0|0|-574
10011850|0375070|"HEAD &SHOULDERS SHAMPOO A/D MENTHOL DINGIN BTL 160mL"|1052|960|3|0|0|976|0|0|1039
10011852|0375150|"HEAD &SHOULDERS SHAMPOO A/D CLN&BLNCE/ BERSH&HRM BTL 160mL"|414|336|0|0|0|38|0|0|712
10013212|0417890|"GILLETTE RAZOR DAISY PLUS FOR WOMEN 2'S  PCK "|614|0|0|0|0|211|0|0|403
10017154|0493200|"BANGO KECAP MANIS REFILL (24205)  PCH 220/210mL"|1251|0|1|0|0|156|0|0|1096
20002944|0501030|"PEPSODENT PASTA GIGI HERBAL  TUB 190g"|-102|0|7|0|0|68|0|0|-163
10019725|0548240|"REJOICE SHAMPOO RICH BTL 160/150mL"|-74|0|0|0|0|442|0|0|-516
10020784|0604670|"BANGO KECAP MANIS (10012)  BTL 135mL"|2753|0|0|0|0|326|0|0|2427
10025410|0734320|"PEPSODENT PASTA GIGI ACTION 123 + WHITENING TUB 75g"|-1603|432|0|0|0|129|0|0|-1300
10025411|0734330|"PEPSODENT PASTA GIGI ACTION 123 + WHITENING TUB 190g"|-522|0|0|0|0|74|0|0|-596
10026612|0749760|"PEPSODENT SIKAT GIGI DOUBLE CARE SENSITIVE SNGLE PCS "|-1226|0|0|0|0|142|0|0|-1368
10031396|0795110|"ROYCO SUP KRIM (19143) AYAM PCK 58g"|-1828|0|0|0|0|18|0|0|-1846
10004612|0814950|"SOS PEMBERSIH LANTAI REFILL ORANGE PCH 800/750mL"|-731|372|1|0|0|24|0|0|-382
10005482|0820490|"SUNLIGHT PENCUCI PIRING NEW REF LIME PCH 755/700mL"|-864|0|0|0|0|0|0|0|-864
10035326|0876290|"HEMAVITON VITAMIN FOR STAMINA PLUS 5'S  STR "|185|0|0|0|0|38|0|0|147
20001645|1008800|"WIPOL KARBOL WANGI LEMON PCH 780/750mL"|-786|0|0|0|0|14|0|0|-800
20005584|1038560|"ZWITSAL BABY SABUN MANDI CAIR NATURAL HAIR & BODY PCH 450mL"|-443|0|0|0|0|44|0|0|-487
20007072|1048540|"SARIWANGI TEH CELUP HIJAU (19344) ASLI BOX 25X1.85g"|-173|0|0|0|0|89|0|0|-262
10000144|1075980|"VICKS OBAT BATUK FORMULA 44 DEWASA  BTL 54mL"|-55|144|0|0|0|98|0|0|-9
20010379|1076080|"LIFEBUOY SHAMPOO ANTI DANDRUFF BTL 70mL"|-1380|96|0|0|0|148|0|0|-1432
20010381|1076100|"LIFEBUOY SHAMPOO ANTI DANDRUFF BTL 170mL"|-1479|432|0|0|0|262|0|0|-1309
20010383|1076120|"LIFEBUOY SHAMPOO ANTI DANDRUFF BTL 340mL"|-429|0|0|0|0|24|0|0|-453
10020195|1077290|"VICKS VAPORUB OBAT GOSOK  POT 50g"|-65|72|0|0|0|21|0|0|-14
20010999|1080820|"LIFEBUOY SABUN MANDI CAIR RED BTL 100mL"|-302|0|0|0|0|40|0|0|-342
20011000|1080830|"LIFEBUOY SABUN MANDI CAIR WHITE BTL 100mL"|-986|288|0|0|0|181|0|0|-879
20011003|1080860|"LIFEBUOY SABUN MANDI CAIR REFILL RED PCH 250mL"|213|72|0|0|0|48|0|0|237
20011004|1080870|"LIFEBUOY SABUN MANDI CAIR REFILL BLUE PCH 250mL"|-11|96|0|0|0|24|0|0|61
20011006|1080890|"LIFEBUOY SABUN MANDI CAIR REFILL WHITE PCH 250mL"|128|24|0|0|0|36|0|0|116
20011007|1080900|"LIFEBUOY SABUN MANDI CAIR REFILL WHITE MILD CARE PCH 450/400mL"|542|264|0|0|0|272|0|0|534
20011008|1080910|"LIFEBUOY SABUN MANDI CAIR REF. TOTAL10 RED PCH 450/400mL"|-3727|0|19|0|0|214|0|0|-3922
10009007|1095740|"GILLETTE CARTRIDGE VECTOR GANDA 2'S  PCK "|-49|384|0|0|0|148|0|0|187
20013047|1097180|"VASELINE BODY LOTION ALOE FRESH  BTL 200mL"|299|54|0|0|0|70|0|0|283
20015304|1112720|"LIFEBUOY SHAMPOO HAIR FALL BTL 170mL"|-775|0|3|0|0|133|0|0|-905
20007302|1115910|"MARINA BODY LOTION UV WHITE HEALTHY & GLOW BTL 185mL"|-7|480|2|0|0|210|0|0|265
10000318|1122970|"GILLETTE RAZOR GOAL II YELLOW SINGLE  PCS "|-2020|1464|0|0|0|520|0|0|-1076
20017141|1123650|"PEPSODENT PASTA GIGI CENTER FRESH  TUB 160g"|-9|144|0|0|0|129|0|0|6
20019253|1140610|"PEPSODENT SIKAT GIGI DOUBLE CARE CLEAN SINGLE PCS "|-139|0|0|0|0|150|0|0|-289
20038986|1143220|"PANTENE SHAMPOO PRO-V (NEW I) LONG BLACK BTL 135/130mL"|-1172|0|0|0|0|407|0|0|-1579
20038770|1143230|"PANTENE SHAMPOO PRO-V (NEW I) SILKY SMOOTH CARE BTL 135/130mL"|-125|0|0|0|0|0|0|0|-125
20038763|1143250|"PANTENE SHAMPOO PRO-V (NEW I) ANTI DANDRUFF BTL 135/130mL"|-61|0|0|0|0|644|0|0|-705
20038766|1143260|"PANTENE SHAMPOO PRO-V (NEW I) HAIR FALL CNTRL BTL 135/130mL"|-170|0|0|0|0|712|0|0|-882
20038778|1143270|"PANTENE SHAMPOO PRO-V (NEW I) TOTAL DMG CARE BTL 135/130mL"|-796|0|0|0|0|0|0|0|-796
20038758|1143300|"PANTENE CONDITIONER PRO-V (NEW I) HAIR FALL CNTRL BTL 135/130mL"|-84|0|0|0|0|67|0|0|-151
20038764|1143330|"PANTENE SHAMPOO PRO-V (NEW I) ANTI DANDRUFF BTL 290mL"|-805|0|0|0|0|184|0|0|-989
20038767|1143350|"PANTENE SHAMPOO PRO-V (NEW I) HAIR FALL CNTRL BTL 290mL"|-859|0|0|0|0|128|0|0|-987
20035626|1144140|"BEBELOVE 1 SUSU BUBUK INFANT FORMULA  BOX 400g"|984|0|0|0|0|0|0|0|984
20035627|1144150|"BEBELOVE 2 SUSU FORMULA LANJUTAN  BOX 400g"|3816|384|0|0|0|0|0|0|4200
20035629|1144160|"BEBELAC 3 SUSU PERTUMBUHAN FOS & GOS VANILA BOX 400g"|696|312|0|0|0|0|0|0|1008
20035631|1144170|"BEBELAC 3 SUSU PERTUMBUHAN FOS & GOS MADU BOX 400g"|1824|504|0|0|0|0|0|0|2328
20035633|1144180|"BEBELAC 4 SUSU PERTUMBUHAN FOS & GOS VANILLA BOX 400g"|696|0|0|0|0|0|0|0|696
20035635|1144190|"BEBELAC 4 SUSU PERTUMBUHAN FOS & GOS MADU BOX 400g"|2328|120|0|0|0|0|0|0|2448
20036031|1144200|"BEBELOVE 1 SUSU BUBUK INFANT FORMULA  KLG 800g"|2400|0|0|0|0|0|0|0|2400
20035628|1144210|"BEBELOVE 2 SUSU FORMULA LANJUTAN  KLG 800g"|2664|384|0|0|0|0|0|0|3048
20035630|1144220|"BEBELAC 3 SUSU PERTUMBUHAN FOS & GOS VANILA KLG 800g"|1776|252|0|0|0|0|0|0|2028
20035632|1144230|"BEBELAC 3 SUSU PERTUMBUHAN FOS & GOS MADU KLG 800g"|2460|264|0|0|0|0|0|0|2724
20035636|1144240|"BEBELAC 4 SUSU PERTUMBUHAN FOS & GOS MADU KLG 800g"|480|0|0|0|0|0|0|0|480
20035634|1144250|"BEBELAC 4 SUSU PERTUMBUHAN FOS & GOS VANILLA KLG 800g"|672|0|0|0|0|0|0|0|672
20035686|1144320|"PEPSODENT PASTA GIGI SENSITIVE EXPERT ORIGINAL TUB 100g"|-711|144|1|0|0|64|0|0|-630
20036081|1144650|"PEPSODENT SIKAT GIGI DOUBLE CARE CLEAN MP3 PCK "|-33|168|0|0|0|109|0|0|26
20036082|1144660|"PEPSODENT SIKAT GIGI DOUBLE CARE SENSITIVE MP3 PCK SOFT"|562|192|0|0|0|116|0|0|638
20029646|1153770|"CLOSE UP PASTA GIGI ICY WHITE TUB 160g"|122|0|0|0|0|53|0|0|69
20038957|1154050|"GLOW & LOVELY MULTIVITAMIN CREAM (95399)  TUB 50/46g"|-937|0|0|0|0|34|0|0|-971
20038958|1154060|"GLOW & LOVELY MULTIVITAMIN CREAM (95385)  TUB 25/23g"|-468|240|0|0|0|92|0|0|-320
20009870|1155660|"ZWITSAL BABY SHAMPOO NATURAL BTL 100mL"|124|72|0|0|0|67|0|0|129
20009869|1155680|"ZWITSAL BABY HAIR LOTION NATURAL AVKS BTL 100mL"|-312|0|0|0|0|84|0|0|-396
10033236|1155710|"ZWITSAL BABY SABUN MANDI CAIR NATURAL HAIR & BODY BTL 200mL"|-547|72|0|0|0|56|0|0|-531
20034034|1161250|"VASELINE BODY LOTION HEALTHY BRIGHT UV EXTRA BRIGHT BTL 400mL"|70|84|0|0|0|79|0|0|75
20046953|1164140|"PEPSODENT PASTA GIGI SENSITIVE EXPERT FRESH TUB 100g"|-467|0|0|0|0|37|0|0|-504
20014993|1165140|"GILLETTE RAZOR BLUE II PLUS SINGLE  PCS "|-246|2016|0|0|0|636|0|0|1134
20034266|1165650|"CITRA PELEMBAB WAJAH HAZELINE PEARLY WHITE UV CREAM POT 40g"|-146|0|0|0|0|42|0|0|-188
20023627|1170650|"REJOICE SHAMPOO RICH BTL 340mL"|7|216|0|0|0|142|0|0|81
20020977|1171710|"VASELINE BODY LOTION HEALTHY BRIGHT UV EXTRA BRIGHT BTL 100mL"|-44|288|0|0|0|114|0|0|130
20021816|1173610|"VASELINE BODY LOTION HEALTHY BRIGHT UV EXTRA BRIGHT BTL 200mL"|-1036|0|0|0|0|40|0|0|-1076
20022403|1175240|"RINSO DETERJEN POWDER ANTI NODA CLASSIC BAG 800/770g"|120|0|0|0|0|0|0|0|120
20040702|1178730|"PEPSODENT PASTA GIGI FRESH COOL MINT  TUB 190g"|-998|0|0|0|0|0|0|0|-998
20043039|1178850|"BEBELAC 3 SUSU PERTUMBUHAN FOS & GOS MADU BOX 200g"|1344|0|0|0|0|0|0|0|1344
20029355|1179030|"ZWITSAL BABY HAIR LOTION NATURAL ALOEV,KMRI&SLDR BTL 200mL"|38|72|0|0|0|40|0|0|70
20034842|1184750|"VICKS VAPORUB OBAT GOSOK  POT 25g"|-1999|0|0|0|0|23|0|0|-2022
20045528|1195690|"BEBELOVE 2 SUSU FORMULA LANJUTAN  BOX 200g"|2784|48|0|0|0|0|0|0|2832
10031463|1196740|"MY BABY BABY POWDER SWEET FLORAL BTL 150g"|-1240|0|0|0|0|28|0|0|-1268
20028001|1198650|"LIFEBUOY SHAMPOO STRONG & SHINY BTL 170mL"|-300|36|0|0|0|272|0|0|-536
20028002|1198660|"LIFEBUOY SHAMPOO STRONG & SHINY BTL 340mL"|-391|0|0|0|0|12|0|0|-403
20014608|1201310|"NEO HORMOVITON PASAK BUMI  BTL 150mL"|-533|650|0|0|0|438|0|0|-321
20035549|1201510|"HEMAVITON HEALTH DRINK VITAMIN C1000 ORANGE BOX 5x4g"|-292|0|225|0|0|0|0|0|-67
20039608|1203680|"MARINA HAND BODY LOTION UV WHITE HEALTHY & GLOW BTL 460mL"|-40|84|6|0|0|249|0|0|-199
20022698|1210290|"RINSO DETERJEN POWDER ANTI NODA CLASSIC BAG 1.8kg"|432|78|0|0|0|24|0|0|486
20027095|1213760|"MY BABY MINYAK TELON PLUS  BTL 57/60mL"|-734|0|0|0|0|1842|0|0|-2576
20020226|1214970|"MOLTO PEWANGI PAKAIAN FLOWER SHOWER PINK PCH 820/780mL"|-1963|432|0|0|0|532|0|0|-2063
20020245|1215150|"MOLTO PEWANGI PAKAIAN FLORAL BLISS BLUE PCH 820/780mL"|-5747|48|0|0|0|210|0|0|-5909
20047217|1216970|"PEPSODENT PASTA GIGI WHITE  TUB 225g"|2984|2016|0|0|0|560|0|0|4440
20036430|1219400|"LIFEBUOY SABUN MANDI CAIR PUMP RED BTL 500mL"|-11|60|0|0|0|46|0|0|3
20036431|1219410|"LIFEBUOY SABUN MANDI CAIR PUMP WHITE BTL 500mL"|86|24|0|0|0|60|0|0|50
20036467|1219640|"DOWNY SOFTENER ANTI BAU PCH 680/650mL"|-374|144|0|0|0|72|0|0|-302
20040529|1220490|"ROYCO BUMBU KOMPLIT NASI GORENG PCK 17g"|0|0|0|0|0|0|0|0|0
20040530|1220500|"ROYCO BUMBU KOMPLIT AYAM GORENG PCK 22g"|0|0|0|0|0|0|0|0|0
20024517|1228430|"AXE BODY SPRAY DEODORANT DARK TEMPTATION KLG 150/135mL"|-907|0|0|0|0|22|0|0|-929
20040217|1230960|"LIFEBUOY SABUN MANDI CAIR REFILL BLUE COOL FRESH PCH 450/400mL"|-1038|144|0|0|0|204|0|0|-1098
20046056|1232480|"MY BABY MINYAK TELON PLUS  BTL 145/150mL"|-1867|0|0|0|0|122|0|0|-1989
20040690|1238640|"VASELINE BODY LOTION HEALTHY WHITE PERFECT 10 BTL 200mL"|-149|72|0|0|0|65|0|0|-142
10027167|1243450|"DOVE DEODORANT ROLL ON COMPLETE CR/ ORIGINAL BTL 40mL"|-253|0|0|0|0|57|0|0|-310
20021736|1248760|"GILLETTE RAZOR GOAL II YELLOW 2'S  PCK "|-626|840|0|0|0|228|0|0|-14
20023011|1249660|"HEAD &SHOULDERS SHAMPOO A/D MENTHOL DINGIN BTL 300mL"|-536|0|0|0|0|24|0|0|-560
20052465|1259540|"VASELINE MEN PEMBERSIH WAJAH HEALTHY WHITE TUB 100g"|-633|0|0|0|0|57|0|0|-690
20009872|1260040|"ZWITSAL BABY SABUN MANDI CAIR NATURAL MILK HONEY BTL 200mL"|82|72|0|0|0|27|0|0|127
20053103|1261320|"REJOICE SHAMPOO ANTIDANDRUFF 3 IN 1  BTL 340mL"|-8|168|0|0|0|104|0|0|56
20053209|1262410|"PANTENE CONDITIONER PRO-V(NEW) TOTAL DMG CARE BTL 135/130mL"|-152|0|0|0|0|0|0|0|-152
20091430|1266100|"CLEAR SHAMPOO ANTI KETOMBE COMP. SOFT CARE BTL 300mL"|-206|18|0|0|0|8|0|0|-196
20091432|1266120|"CLEAR SHAMPOO ANTI DANDRUFF ICE COOL MNTHOL BTL 300mL"|-393|90|0|0|0|9|0|0|-312
20091437|1266170|"CLEAR SHAMPOO ANTI DANDRUFF ICE COOL MNTHOL BTL 80mL"|-129|192|0|0|0|110|0|0|-47
20091440|1266200|"CLEAR SHAMPOO ANTI DANDRUFF ICE COOL MNTHOL BTL 160mL"|-869|0|0|0|0|17|0|0|-886
20091441|1266210|"CLEAR SHAMPOO ANTI DANDRUFF COMP. SOFT CARE BTL 160mL"|-233|0|0|0|0|48|0|0|-281
20091347|1266430|"TRESEMME SHAMPOO KERATIN SMOOTH (NEW)  BTL 170mL"|-1050|0|0|0|0|60|0|0|-1110
20091348|1266460|"TRESEMME SHAMPOO HAIR FALL CONTROL(NEW)  BTL 170mL"|-257|0|0|0|0|33|0|0|-290
20091349|1266470|"TRESEMME SHAMPOO SCALP CARE (NEW)  BTL 170mL"|-588|0|0|0|0|57|0|0|-645
20091575|1267360|"REXONA DEODORANT ROLL ON WOMEN GLOWING WHITE BTL 40mL"|-1972|0|0|0|0|66|0|0|-2038
20048965|1268300|"DOVE ROLL ON DEODORANT REPAIR / ULTIMATE WHITE BTL 40mL"|25|24|0|0|0|81|0|0|-32
20031999|1268600|"VASELINE BODY LOTION HEALTHY WHITE SPF 24 BTL 100mL"|-439|144|0|0|0|76|0|0|-371
20066629|1272160|"HEMAVITON HEALTH DRINK C1000 + COLLAGEN ORANGE BTL 150mL"|-1225|0|170|0|0|22|0|0|-1077
20073986|1273910|"SARIWANGI TEH CELUP MELATI (97762)  BOX 25x1.9g"|536|192|0|0|0|280|0|0|448
20030118|1277090|"REJOICE SHAMPOO 3 IN 1  BTL 160/150mL"|-71|0|0|0|0|517|0|0|-588
20037986|1277750|"ORAL B SIKAT GIGI MICRO-THIN CLEAN EXTRA SOFT 40 PCS "|515|768|0|0|0|140|0|0|1143
20070110|1280570|"VIDORAN XMART1+ SUSU PERTUMBUHAN MADU BOX 725g"|27|144|1|0|0|200|0|0|-28
20080360|1281900|"DOWNY SOFTENER MYSTIQUE PCH 680/650mL"|-1683|336|0|0|0|185|0|0|-1532
20080361|1281910|"DOWNY SOFTENER PASSION PCH 680/650mL"|-927|568|0|0|0|218|0|0|-577
20033003|1282160|"REJOICE CONDITIONER RICH TUB 160/150mL"|-260|0|0|0|0|55|0|0|-315
20045413|1285170|"SUNLIGHT PENCUCI PIRING REF LIME PCH 1.6/1.5L"|-13|0|0|0|0|79|0|0|-92
20013133|1285910|"ZWITSAL BABY SABUN MANDI BATANG NATURAL RICH HN BAR 70g"|-58|432|0|0|0|140|0|0|234
20038765|1287800|"PANTENE SHAMPOO PRO-V (NEW I) ANTI DANDRUFF BTL 70mL"|-816|0|1|0|0|140|0|0|-955
20042961|1288360|"PEPSODENT PASTA GIGI SENSITIVE EXPERT WHITENING TUB 100g"|-721|108|1|0|0|39|0|0|-651
20023111|1289580|"SOS KARBOL WANGI ANTIBACTERIAL REF CLASSIC PINE PCH 800/750mL"|-165|0|0|0|0|199|0|0|-364
20079628|1294420|"PONDS MEN PEMBERSIH WAJAH WHITE BOOST TUB 50mL"|-414|0|0|0|0|89|0|0|-503
20091174|1295830|"PEPSODENT PASTA GIGI KIDS ORANGE TUB 50g"|-259|0|0|0|0|0|0|0|-259
20091175|1295850|"PEPSODENT PASTA GIGI KIDS STRAWBERRY TUB 50g"|-324|360|1|0|0|106|0|0|-69
20091707|1297120|"TRESEMME KONDISIONER KERATIN SMOOTH NEW  BTL 170mL"|-156|54|0|0|0|72|0|0|-174
20091715|1297130|"RINSO DETERJEN POWDER + MOLTO ROYAL GOLD BAG 800/770g"|96|0|0|0|0|0|0|0|96
20091273|1299490|"PONDS PEMBERSIH WAJAH INSTABRIGHT TONE UP TUB 100g"|24|0|0|0|0|0|0|0|24
20091409|1299900|"CITRA SABUN MANDI PENCERAH KULIT PEARL BAR 70g"|885|1152|2|0|0|272|0|0|1767
20091410|1299910|"CLEAR SHAMPOO ANTI DANDRUFF SPR FRESH APPLE BTL 160mL"|-341|36|0|0|0|56|0|0|-361
20091428|1299960|"CLEAR MEN SHAMPOO ANTI DANDRUFF COOL SPORT MENT BTL 160mL"|-233|0|0|0|0|31|0|0|-264
10031470|1312330|"MY BABY BABY POWDER SWEET FLORAL BTL 250g"|-190|72|0|0|0|47|0|0|-165
20085944|1312420|"PANTENE SHAMPOO PRO-V ANTI LEPEK BTL 135/130mL"|168|0|0|0|0|0|0|0|168
20086026|1312760|"GLOW & LOVELY 2 IN 1 POWDER CREAM  TUB 20g"|56|96|1|0|0|92|0|0|61
20086072|1312780|"MOLTO EAU DE PARFUM BLACK PURPLE ELEGANT PCH 720/680mL"|-28|0|0|0|0|186|0|0|-214
20086172|1312970|"SUNLIGHT PENCUCI PIRING REF HABBATUSSAUDA PCH 755/700mL"|-3181|0|0|0|0|2|0|0|-3183
20086173|1312980|"SUNLIGHT PENCUCI PIRING REF HABBATUSSAUDA PCH 220/210mL"|146|0|0|0|0|129|0|0|17
20091317|1313620|"JAWARA SAUS SAMBAL HOT PCH 130/120mL"|-208|0|0|0|0|0|0|0|-208
20092400|1314330|"REXONA DEODORANT ROLL ON WOMEN DREAMY WHT/BRGH BTL 40mL"|-692|168|0|0|0|282|0|0|-806
20074226|1317490|"DOWNY SOFTENER SUNRISE FRESH PCH 720/700mL"|-1696|0|0|0|0|97|0|0|-1793
10008646|1318430|"GILLETTE FOAMY SHAVING CREAM LEMON LIME KLG 50g"|45|0|1|0|0|43|0|0|3
20071827|1318830|"RINSO DETERJEN POWDER + MOLTO ROSE FRESH BAG 800/770g"|-2448|0|0|0|0|0|0|0|-2448
20081456|1319980|"GILLETTE RAZOR BLUE 3 FLEXI SINGLE  PCK "|629|432|0|0|0|382|0|0|679
20081452|1320010|"LIFEBUOY SABUN MANDI CAIR REF. TOTAL10 RED PCH 850/825mL"|-52|0|0|0|0|70|0|0|-122
20088098|1323870|"PEPSODENT SIKAT GIGI TRIPLE CLEAN 3'S  PCK SOFT"|-49|720|0|0|0|165|0|0|506
20070383|1333130|"PONDS PELEMBAB WAJAH DAY CREAM NORMAL SKIN TUB 20g"|22|48|0|0|0|92|0|0|-22
20070381|1333150|"PONDS PELEMBAB WAJAH DAY CREAM NORMAL SKIN TUB 40g"|48|0|0|0|0|0|0|0|48
20070851|1333770|"SUNLIGHT CAIRAN PCUCI PIRING REF 65976 JERUK NIPIS PCH 220/210mL"|-146371|0|144|0|0|528|0|0|-146755
20087660|1336640|"MOLTO SOFTENER PURE  PCH 720/680mL"|-613|0|0|0|0|96|0|0|-709
20087538|1336700|"PEPSODENT SIKAT GIGI BAMBOO SALT 2'S  PCS SOFT"|207|72|0|0|0|56|0|0|223
20087525|1337100|"PEPSODENT PASTA GIGI WHITE PRM VALUEPACK  PCS 2x190g"|538|0|0|0|0|150|0|0|388
20027661|1338550|"BODREX EXTRA OBAT SAKIT KEPALA 4'S  STR "|10765|2500|0|0|0|935|0|0|12330
20036191|1338840|"HEAD &SHOULDERS SHAMPOO A/D MENTHOL DINGIN BTL 70mL"|968|1248|0|0|0|316|0|0|1900
20021330|1339670|"MARINA BODY LOTION NAT. 24H MOIST. / AVOCADO BTL 200/190mL"|-403|192|0|0|0|154|0|0|-365
20062310|1341110|"REXONA DEODORANT ROLL ON WOMEN ADVACED BRGHTNG BTL 45mL"|-2557|0|0|0|0|22|0|0|-2579
20062411|1341120|"REXONA DEODORANT ROLL ON WOMEN POWER DRY BTL 45mL"|-797|0|0|0|0|106|0|0|-903
20062311|1341140|"REXONA DEODORANT ROLL ON WOMEN FREE SPIRIT BTL 45mL"|-180|0|0|0|0|197|0|0|-377
20062314|1341150|"REXONA DEODORANT ROLL ON WOMEN SHOWER CLEAN BTL 45mL"|-414|96|0|0|0|358|0|0|-676
20062312|1341160|"REXONA DEODORANT ROLL ON WOMEN INVISIBLE DRY BTL 45mL"|-1024|216|0|0|0|291|0|0|-1099
20048852|1344880|"LIFEBUOY SHAMPOO (23617) STRONG & SHINY BTL 680mL"|106|0|0|0|0|56|0|0|50
20085113|1346140|"RINSO DETERJEN POWDER + MOLTO PERFUME ESSENCE BAG 770/800g"|132|0|0|0|0|60|0|0|72
20053181|1349740|"AXE BODY SPRAY DEODORANT GOLD TEMPTATION KLG 150/135mL"|-86|36|0|0|0|38|0|0|-88
20077310|1352450|"BUAVITA JUICE (18438) GUAVA TPK 500mL"|-206|432|0|0|0|466|0|0|-240
20077311|1352460|"BUAVITA JUICE (18436) APPLE TPK 500mL"|-68|132|0|0|0|78|0|0|-14
20077312|1352480|"CITRA PELEMBAB WAJAH GREEN TEA ANTIACNE POT 40g"|0|0|0|0|0|0|0|0|0
20077498|1353130|"VASELINE REPAIRING JELLY  POT 50ml"|-182|96|0|0|0|156|0|0|-242
20089436|1353790|"LIFEBUOY SABUN MANDI TS LEMON FRESH BDD 4x60g"|-80|0|4|0|0|64|0|0|-140
20056990|1356090|"AXE BODY SPRAY DEODORANT BLACK KLG 150/135mL"|-414|60|0|0|0|50|0|0|-404
20054610|1356120|"RINSO DETERJEN LIQUID FRONT LOAD PCH 1.6L"|5|0|0|0|0|49|0|0|-44
20069146|1359390|"BEBELAC 3 SUSU PERTUMBUHAN MADU BOX 1000g"|1380|0|0|0|0|0|0|0|1380
20069147|1359400|"BEBELAC 3 SUSU PERTUMBUHAN VANILA BOX 1000g"|1210|0|0|0|0|0|0|0|1210
10008992|1366300|"GILLETTE RAZOR VECTOR GANDA  PCK "|-508|0|0|0|0|108|0|0|-616
10031465|1368810|"MY BABY BABY POWDER FRESH FRUITY BTL 150g"|-545|96|0|0|0|42|0|0|-491
20087345|1374540|"PONDS PELEMBAB WAJAH AGE MIRACLE NEW DAY CREAM POT 20g"|-89|0|0|0|0|29|0|0|-118
20037413|1376350|"MY BABY MINYAK TELON PLUS  BTL 85/90mL"|51|0|6|0|0|284|0|0|-227
10000142|1377700|"ZWITSAL BABY SABUN MANDI BATANG CLASSIC BAR 70g"|436|144|0|0|0|94|0|0|486
20055798|1379720|"HEAD &SHOULDERS SHAMPOO A/D LEMON FRESH BTL 330mL"|-115|228|0|0|0|20|0|0|93
20091179|1383590|"JAWARA SAUS SAMBAL EXTRA HOT PCH 130/120mL"|-77|0|0|0|0|0|0|0|-77
20047432|1384200|"SUNLIGHT PENCUCI PIRING LIME BTL 400mL"|122|72|0|0|0|78|0|0|116
20091604|1392150|"MY BABY MINYAK TELON PLUS LONGER PROTECTION BTL 60mL"|-572|60|0|0|0|114|0|0|-626
20037446|1395320|"RINSO DETERJEN LIQUID + MOLTO REF ROSE FRESH PCH 800/750mL"|-104|0|0|0|0|32|0|0|-136
20031847|1395400|"RINSO DETERJEN LIQUID ANTI NODA CLASSIC PCH 800/750mL"|-92|0|0|0|0|0|0|0|-92
20092711|1400940|"CITRA BODY LOTION NOURISHING WHT NEW AVOCADO & HONEY BTL 230mL"|-212|0|0|0|0|41|0|0|-253
10016209|1401940|"AMBI PUR CAR FRESHENER AQUA PCS 7mL"|-172|0|0|0|0|62|0|0|-234
20003007|1403530|"TOTALCARE MOUTHWASH ANTI BAKTERIAL COOL MINT BTL 250mL"|-423|576|3|0|0|208|0|0|-52
20044352|1405800|"SARIWANGI TEH CELUP SARI MURNI (98958)  BOX 25x1.6g"|3|96|0|0|0|156|0|0|-57
20073395|1411000|"VIXAL PEMBERSIH PORSELIN (83484) BLUE BTL 175/160mL"|-19910|0|120|0|0|215|0|0|-20005
20082394|1411560|"VIDORAN XMART3+ SUSU PERTUMBUHAN MADU BOX 725g"|-62|180|0|0|0|168|0|0|-50
20096977|1413720|"MY BABY HAIR & BODY WASH  BTL 200mL"|-580|0|0|0|0|71|0|0|-651
20096982|1414790|"ROYCO BUMBU SIAP PAKAI AYAM SAUS TELUR ASIN PCK 22g"|-284|0|0|0|0|0|0|0|-284
20108708|1415600|"PEPSODENT PASTA GIGI MULTI PROTECTION COMPLETE 8 TUB 150g"|19|192|0|0|0|103|0|0|108
20109967|1417440|"CLEAR MEN SHAMPOO 3 IN 1 ACTIVE CLEAN BTL 160mL"|-22|0|0|0|0|6|0|0|-28
20090042|1418610|"VIDORAN XMART1+ SUSU PERTUMBUHAN VANILA BOX 725g"|-354|120|3|0|0|106|0|0|-337
20090302|1418890|"ROYCO BUMBU KOMPLIT NASI GORENG RENDANG PCK 17g"|-524|0|1|0|0|100|0|0|-623
20090184|1418940|"ROYCO BUMBU KOMPLIT NASI GORENG CABE HIJAU PCK 17g"|1|0|0|0|0|0|0|0|1
20090315|1419010|"REXONA DEO ROL ON WMN ADVN WHTG/BRGTN ANTI NODA BTL 45mL"|-476|0|0|0|0|26|0|0|-502
20090355|1419190|"LIFEBUOY SABUN MANDI TS LEMON FRESH BAR 110g"|1110|288|0|0|0|278|0|0|1120
20090435|1419700|"MARINA EAU DE TOILETTE SWEET ROMANCE BTL 150mL"|-540|72|0|0|0|72|0|0|-540
20090437|1419720|"VIDORAN XMART3+ SUSU PERTUMBUHAN VANILA BOX 725g"|-297|156|0|0|0|117|0|0|-258
20101100|1422310|"ZWITSAL KIDS SHAMPOO GREEN NTRL & NOURISH BTL 180mL"|-33|24|0|0|0|54|0|0|-63
20101099|1422320|"ZWITSAL KIDS SHAMPOO PINK SOFT & MOISTUR. BTL 180mL"|-48|24|0|0|0|28|0|0|-52
20101098|1422330|"ZWITSAL KIDS SHAMPOO BLUE CLEAN & FRESH BTL 180mL"|-57|0|0|0|0|30|0|0|-87
20099812|1422960|"RINSO DETERJEN LIQUID + MOLTO PERFUME ESSENCE PCH 1.5L"|-397|0|0|0|0|54|0|0|-451
20107857|1423710|"RINSO LAUNDRY DISINFEKTAN  BTL 450mL"|-8|0|0|0|0|0|0|0|-8
20107852|1423730|"SOS DISINFECTANT SPRAY EUCALYPTUS KLG 250ml"|-47|0|1|0|0|14|0|0|-60
20108197|1423990|"ROYCO BUMBU KALDU JAMUR PCK 40g"|-586|0|0|0|0|96|0|0|-682
20099164|1425430|"PONDS VITAMIN MICELLAR WATER BRGHTENING ROSE BTL 100mL"|-298|72|0|0|0|107|0|0|-333
20106535|1425870|"BANGO BUMBU NASI KUNING KHAS MANADO  PCK 35g"|-67|0|0|0|0|32|0|0|-99
20106534|1425890|"BANGO BUMBU TONGSENG KHAS SOLO  PCK 50g"|129|0|0|0|0|466|0|0|-337
20106533|1425910|"BANGO BUMBU MI GORENG ACEH  PCK 25g"|-178|96|0|0|0|57|0|0|-139
20106821|1426300|"MOLTO PEWANGI PAKAIAN SPORT FRESH PURPLE PCH 820/780mL"|-589|72|0|0|0|207|0|0|-724
20106953|1426920|"HEAD &SHOULDERS SHAMPOO A/D ANTI APEK BTL 160mL"|-274|0|0|0|0|38|0|0|-312
20120518|1427930|"SOS DISINFECTANT SPRAY LEMONGRASS KLG 250ml"|-88|0|0|0|0|16|0|0|-104
20082594|1429770|"BEBELAC GOLD 3 SUSU BUBUK VANILLA BOX 700g"|660|90|0|0|0|0|0|0|750
20082580|1429810|"SOS PEMBERSIH LANTAI SEREH PCH 750/700mL"|-432|108|0|0|0|142|0|0|-466
20049799|1431290|"HEAD &SHOULDERS SHAMPOO A/D LEMON FRESH BTL 160mL"|-3408|96|0|0|0|196|0|0|-3508
20090542|1432440|"CITRA BODY LOTION NATURAL GLOWING WHITE UV BTL 120mL"|-177|180|0|0|0|134|0|0|-131
20090543|1432450|"CITRA BODY LOTION NATURAL GLOWING WHITE UV BTL 230mL"|-510|0|0|0|0|0|0|0|-510
20090554|1432460|"CITRA BODY LOTION PEARLY WHITE UV  BTL 230mL"|-263|0|0|0|0|9|0|0|-272
20090553|1432480|"CITRA BODY LOTION PEARLY WHITE UV (NEW) BTL 120mL"|-313|144|0|0|0|114|0|0|-283
20090852|1433020|"BUAVITA JUICE MANGO TPK 500mL"|-399|276|0|0|0|193|0|0|-316
20112492|1435170|"SUNLIGHT PENCUCI PIRING (NEW) LIME PCH 510/460mL"|39766|0|0|0|0|7936|0|0|31830
20112491|1435190|"SUNLIGHT PENCUCI PIRING (NEW) LIME PCH 1L/910ml"|-1242|0|0|0|0|108|0|0|-1350
20070126|1440700|"MARINA HAND BODY LOTION NATURAL NUTRI FRESH BTL 200/190mL"|396|288|0|0|0|92|0|0|592
20119622|1446450|"GLOW & LOVELY VITAMIN C MASKER SERUM  PCK 20g"|-40|96|0|0|0|61|0|0|-5
20119621|1446470|"PONDS TRIPLE GLOW SERUM MASK  PCK 20g"|-158|0|0|0|0|24|0|0|-182
20100788|1447600|"PEPSODENT PASTA GIGI COMPLETE SIWAK TUB 150+25g"|-464|384|3|0|0|174|0|0|-251
20101825|1451960|"VIDORAN XMART1+ SUSU PERTUMBUHAN MADU BOX 950g"|-539|96|0|0|0|146|0|0|-589
20079011|1452630|"DOWNY SOFTENER DARING PCH 680/650mL"|-432|80|0|0|0|50|0|0|-402
20082653|1454670|"PANTENE SHAMPOO PRO-V (NEW I) ANTI DANDRUFF BTL 400mL"|-391|168|0|0|0|100|0|0|-323
20082654|1454690|"PANTENE SHAMPOO PRO-V (NEW I) HAIR FALL CNTRL BTL 400mL"|-546|96|0|0|0|77|0|0|-527
20082655|1454700|"HEAD &SHOULDERS SHAMPOO A/D MENTHOL DINGIN BTL 400mL"|-150|108|0|0|0|87|0|0|-129
20094811|1457010|"MARINA EAU DE TOILETTE FRESH SPARKLE BTL 150mL"|-865|36|0|0|0|76|0|0|-905
20094733|1457090|"DOWNY SOFTENER MYSTIQUE PCH 900/850mL"|-220|156|0|0|0|34|0|0|-98
20094735|1457110|"DOWNY SOFTENER SUNRISE FRESH PCH 1L/950mL"|125|228|0|0|0|91|0|0|262
20101343|1457270|"LOVE BEAUTY & PLANET BODY LOTION DELICIOUS GLOW BTL 190ml"|74|0|0|0|0|0|0|0|74
20101255|1457380|"GLOW & LOVELY MASKER SERUM  PCK 20g"|-376|72|0|0|0|59|0|0|-363
20113907|1460120|"DOVE SERUM SHAMPOO PERAWATAN RAMBUT RONTOK BTL 290mL"|-60|24|0|0|0|22|0|0|-58
20113906|1460130|"DOVE SERUM SHAMPOO PERAWATAN RAMBUT RONTOK BTL 135mL"|-468|96|0|0|0|68|0|0|-440
20113905|1460140|"DOVE SERUM SHAMPOO PERAWATAN RAMBUT RUSAK BTL 135mL"|-177|0|0|0|0|45|0|0|-222
20113904|1460150|"DOVE SERUM SHAMPOO ANTI KETOMBE BTL 135mL"|-148|0|0|0|0|59|0|0|-207
20113913|1460410|"MY BABY WIPES ANTI BACTERIAL  PCK 2x50'S"|-436|0|0|0|0|79|0|0|-515
20113915|1460460|"MY BABY KIDS SHAMPOO & CONDITIONER SOFT & SHINE BTL 180mL"|-810|24|0|0|0|67|0|0|-853
20113916|1460480|"MY BABY HAIR & BODY WASH SWEET FLORAL PCH 400mL"|-354|180|0|0|0|77|0|0|-251
20113917|1460510|"MY BABY KIDS HAIR BODY COLOGNE SWEET BLOSSOM BTL 100mL"|-839|288|1|0|0|118|0|0|-668
20113918|1460530|"MY BABY KIDS HAIR BODY COLOGNE FRESH ACTIVE BTL 100mL"|-929|288|0|0|0|71|0|0|-712
20114051|1460730|"HEAD &SHOULDERS SHAMPOO A/D ANTI GATAL BTL 160mL"|-895|144|0|0|0|46|0|0|-797
20101197|1461470|"PONDS WHITE BEAUTY SERUM BURST CREAM  TUB 20g"|-212|48|0|0|0|32|0|0|-196
20101346|1462050|"LOVE BEAUTY & PLANET BODY WASH PETAL SOFT BTL 200ml"|72|0|0|0|0|0|0|0|72
20101345|1462070|"LOVE BEAUTY & PLANET BODY WASH MAJESTIC GLOW BTL 200ml"|93|0|0|0|0|0|0|0|93
20101344|1462090|"LOVE BEAUTY & PLANET BODY LOTION LUSCIOUS HYDRTN BTL 190ml"|69|0|0|0|0|0|0|0|69
20110812|1462790|"ZWITSAL BABY BATH HAIR & BODY ANTIBACTERIAL PCH 450mL"|202|0|0|0|0|110|0|0|92
20090482|1463460|"PONDS MEN PEMBERSIH WAJAH LIGHTNING OIL CLEAR TUB 100mL"|-1265|24|0|0|0|7|0|0|-1248
20118290|1465270|"PANTENE MIRACLES SUPLEMENT CONDITIONER BIOTIN STRENGTH TUB 70mL"|324|168|0|0|0|107|0|0|385
20118297|1465280|"PANTENE MIRACLES SUPPLEMENT HAIR MASK BIOTIN STRENGTH SCT 20ml"|576|144|0|0|0|34|0|0|686
20118298|1465290|"PANTENE MIRACLES SUPPLEMENT HAIR MASK COLLAGEN SCT 20ml"|485|144|0|0|0|42|0|0|587
20118299|1465300|"HEAD &SHOULDERS SHAMPOO SUPREME ANTI-HAIR FALL BTL 135mL"|47|192|0|0|0|102|0|0|137
20098411|1467810|"SUPER PELL PEMBERSIH LANTAI REF LEMON GINGER PCH 280mL"|-799|192|0|0|0|154|0|0|-761
20098412|1467840|"SUPER PELL PEMBERSIH LANTAI REF FRESH APPLE PCH 280mL"|-452|240|0|0|0|98|0|0|-310
20108417|1468260|"LIFEBUOY SANITIZER SPRAY  BTL 100mL"|-186|0|0|0|0|6|0|0|-192
20108428|1468270|"SUNSILK SUPER SHAMPOO BYE BYE RAMBUT RONTOK BTL 160mL"|-89|0|2|0|0|0|0|0|-87
20119231|1468670|"POND'S MEN MASKER WAJAH BRIGHT BLAST PCK 20g"|-11|0|0|0|0|0|0|0|-11
20096747|1470560|"GLOW & LOVELY BB CREAM SPF 15  TUB 15g"|-87|0|0|0|0|0|0|0|-87
20100248|1475420|"MARINA EAU DE TOILETTE WHITE DIAMOND BTL 150mL"|-247|144|1|0|0|65|0|0|-167
20046688|1475870|"PONDS MEN PEMBERSIH WAJAH WHITE BOOST TUB 100mL"|-1589|24|0|0|0|36|0|0|-1601
20046690|1475880|"PONDS MEN PEMBERSIH WAJAH ACNE SOLUTION TUB 100mL"|-242|0|0|0|0|79|0|0|-321
20067240|1479390|"SUNSILK SHAMPOO CO-CREATIONS BLACK SHINE BTL 70/80mL"|-825|0|0|0|0|74|0|0|-899
20067241|1479440|"SUNSILK SHAMPOO CO-CREATIONS BLACK SHINE BTL 170/160mL"|-1160|252|0|0|0|168|0|0|-1076
20067244|1479450|"SUNSILK SHAMPOO CO-CREATIONS SOFT & SMOOTH BTL 170/160mL"|-2300|0|1|0|0|118|0|0|-2417
20098946|1483240|"SUNSILK SHAMPOO CO-CREATIONS SOFT & SMOOTH BTL 680mL"|-89|0|0|0|0|33|0|0|-122
20112940|1483520|"REJOICE SHAMPOO RICH JEJU BTL 150mL"|-263|0|0|0|0|0|0|0|-263
20109384|1483730|"MOLTO FABRIC HYGIENE SPRAY ANTI BACTERIAL BTL 100mL"|-34|0|0|0|0|0|0|0|-34
20119641|1484030|"DOVE HIJAB SHAMPOO PERAWATAN RAMBUT RONTOK BTL 135mL"|16|24|0|0|0|66|0|0|-26
10000077|1484060|"BODREX OBAT SAKIT KEPALA (20)  STR "|4912|156|4|0|0|84|0|0|4988
10003995|1484070|"HEMAVITON VITAMIN ACTION 5'S  STR "|-994|90|0|0|0|70|0|0|-974
20093521|1488120|"RINSO DETERJEN POWDER + MOLTO PERFUME ESSENCE BAG 1.8Kg"|55|72|0|0|0|38|0|0|89
20099304|1489530|"PANTENE CONDITIONER GOLD SERIES STRONG & THICK TUB 90mL"|-33|48|0|0|0|41|0|0|-26
20096787|1490210|"CITRA FRESH GLOW MULTIFUNCTION GEL ALOE VERA TUB 180mL"|-493|36|0|0|0|182|0|0|-639
20105964|1491640|"MOLTO PELEMBUT&PEWANGI KONSENTRAT JAPANESE PEACH PCH 720mL"|-86|0|0|0|0|0|0|0|-86
20105692|1491800|"PONDS GEL CREAM MOISTURIZER ORANGE NECTAR TUB 20g"|-41|0|0|0|0|0|0|0|-41
20105693|1491820|"PONDS GEL CREAM MOISTURIZER WATERMELON EXTR TUB 20g"|-22|0|0|0|0|0|0|0|-22
20105698|1491880|"ZWITSAL KIDS BUBBLE BATH CLEAN & FRESH BTL 280mL"|-94|48|0|0|0|52|0|0|-98
20085122|1492870|"LUX SABUN MANDI BATANG WHITE VELVET TOUCH BDD 3x110g"|-297|64|0|0|0|72|0|0|-305
20085121|1492880|"LUX SABUN MANDI BATANG PINK SOFT TOUCH BDD 3x110g"|-311|0|0|0|0|40|0|0|-351
20049941|1494670|"LUX SABUN MANDI CAIR REFILL MAGICAL ORCHID PCH 450/400mL"|-204|0|0|0|0|70|0|0|-274
20049919|1494700|"LUX SABUN MANDI CAIR REFILL SOFT ROSE PCH 450/400mL"|-201|0|6|0|0|89|0|0|-284
20103461|1496900|"PONDS VITAMIN MICELLAR WATER BRGHTENING ROSE BTL 55mL"|-115|0|0|0|0|139|0|0|-254
20103510|1496940|"SOS HAND SANITIZER ANTISEPTIC  BTL 100mL"|-58|0|3|0|0|16|0|0|-71
20084469|1498670|"ROYCO BUMBU KALDU (18024) AYAM PCK 230g"|-2005|0|0|0|0|184|0|0|-2189
20084470|1498690|"ROYCO BUMBU KALDU (18026) SAPI PCK 230g"|-1367|0|0|0|0|287|0|0|-1654
20107245|1500150|"PEPSODENT KIDS PATRICK PASTA+SIKAT GIGI STRAWBERRY PCK 50g"|-532|0|0|0|0|120|0|0|-652
20107538|1500220|"BANGO KECAP MANIS LIGHT  PCH 550ml"|-744|12|0|0|0|206|0|0|-938
20117461|1501180|"VASELINE HIJAB BRIGHT ALL DAY RADIANT COOLING SERUM TUB 180mL"|24|24|0|0|0|68|0|0|-20
20092076|1502230|"PEPSODENT PASTA GIGI ACTION 123 CHARCOAL TUB 160g"|-116|0|1|0|0|61|0|0|-176
20102701|1505100|"DOWNY SOFTENER MILD & GENTLE PCH 680/650mL"|-528|0|0|0|0|18|0|0|-546
20102702|1505110|"SAHAJA CAIRAN PENCUCI PIRING JERUK NIPIS PCH 720mL"|-242|0|0|0|0|0|0|0|-242
20102709|1505130|"CITRA PEARLY WHITE UV TONE UP LOTION  TUB 180mL"|-167|0|0|0|0|0|0|0|-167
20102703|1505140|"SAHAJA PEMBERSIH LANTAI KNTUM BUNGA JRK PCH 350mL"|-68|0|0|0|0|0|0|0|-68
20112743|1506800|"PONDS SERUM WHIP FACIAL FOAM BRIGHT BEAUTY TUB 100g"|-337|72|0|0|0|75|0|0|-340
20103330|1508240|"LIFEBUOY HAND SANITIZER SKIN IMMUNITY TOTAL 10 BTL 90mL"|0|0|0|0|0|0|0|0|0
20104003|1509280|"RINSO DETERJEN MATIC+MOLTO  BAG 2kg"|-1|12|0|0|0|20|0|0|-9
20094961|1510860|"WIPOL PEMBERSIH LANTAI REF LEMON PINE PCH 220/200mL"|-3292|0|0|0|0|66|0|0|-3358
20095012|1511640|"BANGO BUMBU NASI GORENG KAMBING PCK 40g"|-56|0|0|0|0|132|0|0|-188
20095013|1511660|"BANGO BUMBU SOTO BETAWI  PCK 45g"|-313|0|0|0|0|100|0|0|-413
20095015|1511690|"BANGO BUMBU OPOR AYAM KHAS CEPU  PCK 35g"|-723|96|0|0|0|91|0|0|-718
20076432|1514560|"SUNSILK SHAMPOO HIJAB REFRESH BTL 340mL"|-98|72|0|0|0|45|0|0|-71
20088631|1516220|"CLOSE UP PASTA GIGI WHITE ATTRACTION NATURAL SMILE TUB 100g"|-305|0|0|0|0|40|0|0|-345
20048546|1518040|"HEMAVITON HEALTH DRINK VITAMIN C1000 ORANGE KLG 330mL"|-1172|0|160|0|0|60|0|0|-1072
10031393|1521420|"ROYCO SUP KRIM (19144) JAGUNG PCK 50g"|-33|48|0|0|0|37|0|0|-22
20116901|1521990|"IPI VITAMIN C JERUK BTL 90'S"|-27|0|0|0|0|3|0|0|-30
20122296|1522360|"PONDS AGE MIRACLE SERUM ULTIMATE YOUTH PCS 7g"|-543|0|0|0|0|38|0|0|-581
20122347|1522470|"DOWNY SOFTENER ADORABL BOUQUET PCH 900mL"|-45|0|0|0|0|49|0|0|-94
20095140|1523930|"PANTENE SHAMPOO HIJAB ANTI DANDRUFF BTL 135mL"|-237|0|0|0|0|0|0|0|-237
20095139|1523940|"PANTENE SHAMPOO HIJAB HAIR FALL CNTRL BTL 135mL"|-182|0|0|0|0|0|0|0|-182
20094326|1524900|"WIPOL PEMBERSIH LANTAI REF CLASSIC PINE PCH 220/200mL"|-2309|576|0|0|0|215|0|0|-1948
20102725|1525080|"SUNLIGHT PENCUCI PIRING REF MINT ANTI BAU PCH 210mL"|-212|0|0|0|0|408|0|0|-620
20103178|1525370|"HEMAVITON HEALTH DRINK VITAMIN C1000 LESS SGR ORANGE KLG 330mL"|-680|0|795|0|0|3|0|0|112
20103170|1525540|"VASELINE HEALTHY BRIGHT VIT.BODY SERUM SOFT + GLOW TUB 180mL"|-747|0|0|0|0|436|0|0|-1183
20103168|1525580|"MARINA HAND BODY LOTION UV WHITE E COLLAGEN ASTA BTL 185mL"|-897|336|0|0|0|179|0|0|-740
20103167|1525880|"MY BABY HAIR & BODY WASH REFILL  PCH 400mL"|-630|72|0|0|0|48|0|0|-606
20103266|1525930|"MY BABY KIDS SHAMPOO & CONDITIONER HEALTHY & FRESH BTL 180mL"|-248|0|0|0|0|61|0|0|-309
20103267|1525960|"MY BABY BABY POWDER TELON PLUS BTL 250+63g"|-390|216|0|0|0|35|0|0|-209
20067200|1529200|"BUAVITA JUICE (79367) NEW GUAVA TPK 1000mL"|162|0|2|0|0|62|0|0|102
20067201|1529210|"BUAVITA JUICE (79425) NEW MANGO TPK 1000mL"|61|48|0|0|0|48|0|0|61
20067242|1529240|"SUNSILK SHAMPOO CO-CREATIONS BLACK SHINE BTL 340/320mL"|635|0|0|0|0|14|0|0|621
20067245|1529250|"SUNSILK SHAMPOO CO-CREATIONS SOFT & SMOOTH BTL 340/320mL"|118|0|0|0|0|22|0|0|96
20067246|1529260|"SUNSILK KONDISIONER CO-CREATIONS BLACK SHINE BTL 170/160mL"|-168|72|0|0|0|59|0|0|-155
20067247|1529270|"SUNSILK KONDISIONER CO-CREATIONS SOFT & SMOOTH BTL 170/160mL"|46|0|0|0|0|45|0|0|1
20067359|1529280|"SUNSILK SHAMPOO HIJAB REFRESH BTL 170mL"|-1368|0|0|0|0|126|0|0|-1494
20067449|1529310|"GLOW & LOVELY MULTIVITAMIN FACIAL FOAM 39484  TUB 100g"|1140|552|0|0|0|258|0|0|1434
20067961|1529420|"LIFEBUOY SABUN MANDI TS (46094) MILD CARE BAR 110g"|1486|576|0|0|0|194|0|0|1868
20067962|1529450|"LIFEBUOY SABUN MANDI TS (46093) TOTAL 10 BAR 110g"|3080|0|0|0|0|232|0|0|2848
20067963|1529460|"LIFEBUOY SABUN MANDI TS MULTIPACK 05966 MILD CARE BDD 4x60g"|-59|0|0|0|0|140|0|0|-199
20067964|1529470|"LIFEBUOY SABUN MANDI TS MULTIPACK 06105 TOTAL 10 BDD 4x60g"|1332|0|0|0|0|20|0|0|1312
20071828|1529490|"RINSO DETERJEN POWDER + MOLTO ROSE FRESH BAG 1.8Kg"|116|0|0|0|0|6|0|0|110
20072673|1529610|"ZWITSAL BABY BATH NATURAL 2 IN 1 HAIR & BODY BTL 300mL"|-278|0|0|0|0|50|0|0|-328
20072834|1529800|"PONDS PELEMBAB WAJAH AGE MIRACLE NEW DAY CREAM POT 10g"|43|0|0|0|0|76|0|0|-33
20072835|1529810|"PONDS PELEMBAB WAJAH AGE MIRACLE NEW NIGHT CREAM POT 10g"|-200|0|0|0|0|31|0|0|-231
20041399|1531880|"LIFEBUOY SABUN MANDI CAIR REFILL LEMON FRESH PCH 450/400mL"|-10|264|0|0|0|376|0|0|-122
20041400|1531890|"LIFEBUOY BODY WASH (48091) LEMON FRESH BTL 100mL"|-1488|108|0|0|0|146|0|0|-1526
20041266|1532120|"PEPSODENT PASTA GIGI ACTION 123 COMPLETE  TUB 190g"|-400|0|0|0|0|176|0|0|-576
20075742|1533900|"PEPSODENT SIKAT GIGI SILVER CHARCOAL  PCS SOFT"|-112|192|0|0|0|192|0|0|-112
20054750|1535170|"RINSO DETERJEN LIQUID + MOLTO PERFUME ESSENCE PCH 750/565mL"|-2066|0|0|0|0|482|0|0|-2548
20054964|1535310|"HEAD &SHOULDERS SHAMPOO A/D CLEAN & BALANCE BTL 300mL"|-438|0|0|0|0|12|0|0|-450
20024922|1540910|"ORAL B SIKAT GIGI ALL ROUNDER 123 3'S CLEAN PCS MEDIUM"|-550|384|0|0|0|92|0|0|-258
20104271|1543740|"VASELINE LIP THERAPY ROSY LIPS PCS 4.8g"|-683|0|0|0|0|0|0|0|-683
20109507|1544920|"HEAD &SHOULDERS SHAMPOO A/D LEMON FRESH BTL 400mL"|74|90|0|0|0|107|0|0|57
20114752|1544980|"DOWNY SOFTENER FRESH BOUQUET PCH 550mL"|91|492|0|0|0|184|0|0|399
20114753|1544990|"DOWNY SOFTENER ADORABL BOUQUET PCH 550mL"|172|648|0|0|0|228|0|0|592
20114849|1545040|"PONDS BRIGHT BEAUTY POWER SERUM  PCS 7.5g"|-14|36|0|0|0|39|0|0|-17
20115145|1545310|"LIFEBUOY SABUN MANDI CAIR REFILL JPN SHISO&MNRAL PCH 450mL"|19|0|0|0|0|49|0|0|-30
20119096|1547010|"PEPSODENT SIKAT GIGI BRILIAN 3'S  PCK SOFT"|0|0|0|0|0|0|0|0|0
20119094|1547030|"PEPSODENT SIKAT GIGI EXPERT CLEAN 3'S  PCK SOFT"|632|48|0|0|0|154|0|0|526
20119092|1547040|"PEPSODENT SIKAT GIGI SIWAK 2'S  PCK SOFT"|456|0|0|0|0|38|0|0|418
20119089|1547100|"POND'S MEN PEMBERSIH WAJAH OIL CRUSHER TUB 100g"|84|0|0|0|0|26|0|0|58
20075361|1550050|"ZWITSAL BABY BATH NATURAL RICH HONEY PCH 450mL"|24|36|0|0|0|48|0|0|12
20093143|1551130|"PANTENE CONDITIONER TANPA BILAS PERFECT ON PCS 40mL"|30|120|0|0|0|84|0|0|66
20093188|1551240|"RINSO DETERGENT CAIR + MOLTO GOLD ROYAL PCH 565/510mL"|-449|576|0|0|0|500|0|0|-373
20098872|1552350|"VASELINE LIP THERAPY ORIGINAL PCS 7g"|-104|0|0|0|0|0|0|0|-104
20098873|1552380|"VASELINE LIP THERAPY CREME BRULEE PCS 7g"|-78|0|0|0|0|0|0|0|-78
20057224|1553850|"BEBELOVE 1 SUSU BUBUK INFANT FORMULA  BOX 200g"|1920|552|0|0|0|0|0|0|2472
20057230|1553870|"VIDORAN SUSU CAIR KIDS STROBERI TPK 115/110mL"|-160|640|14|0|0|991|0|0|-497
20057229|1553880|"VIDORAN SUSU CAIR KIDS COKLAT TPK 115/110mL"|179|760|19|0|0|2932|0|0|-1974
20067210|1556590|"PONDS PEMBERSIH WAJAH BRIGHT BEAUTY TUB 100g"|-2038|0|0|0|0|88|0|0|-2126
20067204|1556600|"PONDS PEMBERSIH WAJAH (NEW) CLEAR SOLUTION TUB 100g"|276|48|0|0|0|83|0|0|241
20067202|1556620|"PONDS PEMBERSIH WAJAH FACIAL FOAM PURE BRIGHT TUB 100g"|-860|0|0|0|0|48|0|0|-908
20067209|1556650|"PONDS PEMBERSIH WAJAH BRIGHT BEAUTY TUB 50g"|-392|360|0|0|0|100|0|0|-132
20067203|1556670|"PONDS PEMBERSIH WAJAH (NEW) PURE WHITE TUB 50g"|-356|120|0|0|0|80|0|0|-316
20069227|1557810|"GLOW & LOVELY MULTIVITAMIN FACIAL FOAM 39482  TUB 50g"|774|0|0|0|0|28|0|0|746
20033978|1558040|"GILLETTE RAZOR BLUE3 SINGLE  PCS "|-228|560|0|0|0|190|0|0|142
20122479|1562040|"REJOICE SHAMPOO RICH JEJU BTL 340mL"|0|0|0|0|0|25|0|0|-25
20122523|1562050|"MARINA HEALTHY BOOSTER BODY SERUM KAKADU-C BTL 185mL"|0|0|0|0|0|317|0|0|-317
20122606|1562280|"ORAL B SIKAT GIGI ULTRATHIN 3'S CHARCOAL PCK EXTRA SOFT"|146|0|0|0|0|28|0|0|118
20122879|1569160|"RINSO DETERJEN LIQUID + MOLTO KOREAN STRAWBERRY PCH 565mL"|0|0|0|0|0|12|0|0|-12
20122880|1569180|"MOLTO PELEMBUT & PEWANGI PAKAIAN REF KOREAN STRAWBRY PCH 680mL"|0|0|0|0|0|12|0|0|-12
20097540|1573460|"VASELINE BODY LOTION SKIN SERUM CRANBERRY BRGHT BTL 200mL"|-92|18|0|0|0|33|0|0|-107
10000159|1574450|"VICKS INHALER OBAT FLU  TUB "|-1766|0|0|0|0|90|0|0|-1856
20096153|1581870|"PEPSODENT TRAVEL KIT  PCS "|-208|336|0|0|0|227|0|0|-99
20108961|1592930|"JAWARA CABAI TABUR JAMBAL PCH 30g"|-109|0|1|0|0|59|0|0|-167
20108963|1592940|"JAWARA CABAI TABUR BAWANG GORENG PCH 35g"|-178|48|0|0|0|70|0|0|-200
20110215|1593950|"ROYCO BUMBU PELEZAT SERBAGUNA AYAM PCK 6x9g"|302|0|0|0|0|106|0|0|196
20110212|1593960|"ROYCO BUMBU PELEZAT SERBAGUNA SAPI PCK 6x9g"|-42|0|0|0|0|149|0|0|-191
20110117|1593990|"GLOW & LOVELY BRIGHT C GLOW FACIAL FOAM VITAMIN C TUB 100g"|-1075|408|0|0|0|167|0|0|-834
20110114|1594000|"POND'S MEN PEMBERSIH FOAM+SCRUB PORE VACUUM TUB 90g"|18|0|0|0|0|52|0|0|-34
20122042|1595730|"LUX BODY WASH HIJAB ZAITUN & MADU PCH 400mL"|-744|0|0|0|0|28|0|0|-772
20122064|1596120|"MY BABY MINYAK TELON PLUS LAVENDER BTL 60mL"|-228|0|0|0|0|77|0|0|-305
20122070|1596370|"IPI VITAMIN D3  BTL 75'S"|-12|0|0|0|0|6|0|0|-18
20118536|1608340|"PEPSODENT PASTA GIGI HERBAL BOGOF  BDD 2x190g"|-1620|0|0|0|0|0|0|0|-1620
20120201|1626680|"PONDS PEMBERSIH WAJAH BERRY GLOW TUB 90g"|-108|0|0|0|0|21|0|0|-129
20120205|1626700|"PEPSODENT PASTA GIGI HERBAL  BOX 75+25g"|-250|216|0|0|0|140|0|0|-174
20120206|1626710|"PEPSODENT PASTA GIGI HERBAL  BOX 120+30g"|830|0|0|0|0|168|0|0|662
20120424|1627550|"CLEAR SHAMPOO ANTI DANDRUFF ICE COOL MNTHOL BTL 430ml"|-1123|0|0|0|0|115|0|0|-1238
20103368|1630960|"HEMAVITON HEALTH DRINK VITAMIN C1000 LEMON KLG 330mL"|1019|0|826|0|0|27|0|0|1818
20113097|1631690|"TOTALCARE MOUTHWASH ANTI BAKTERIAL SIWAK SALT BTL 250mL"|-226|24|0|0|0|0|0|0|-202
20113003|1631860|"SAHAJA PELEMBUT & PEWANGI KONSENTRAT BUNGA YASMIN PCH 720mL"|0|0|0|0|0|0|0|0|0
20113002|1631890|"MOLTO EAU DE PARFUM ENCHANTING PCH 720mL"|-71|0|0|0|0|0|0|0|-71
20113183|1632260|"RINSO DETERJEN POWDER + MOLTO ROSE FRESH BAG 460g"|-552|72|0|0|0|528|0|0|-1008
20113178|1632400|"SUNSILK VITAMIN HAIR MIST 3IN1  BTL 40mL"|-136|120|0|0|0|146|0|0|-162
20113202|1632500|"CITRA LIGHT BODY LOTION COCOA TUB 180ml"|-51|0|0|0|0|0|0|0|-51
20115157|1632890|"BUAVITA JUICE ORANGE TPK 1000mL"|-300|36|0|0|0|60|0|0|-324
20118252|1633950|"PANTENE MIRACLES SUPLEMENT CONDITIONER COLLAGEN REPAIR TUB 70mL"|-126|216|0|0|0|146|0|0|-56
20121051|1634970|"ROYCO BUMBU KALDU AYAM SPESIAL PCK 40g"|-249|0|1|0|0|37|0|0|-285
20059866|1635380|"LIFEBUOY SABUN MANDI MULTIPACK (45592) TOTAL 10 BDD 4x110g"|-5894|0|24|0|0|6|0|0|-5876
20059867|1635390|"LIFEBUOY SABUN MANDI MULTIPACK (45593) MILD CARE BDD 4x110g"|-3013|0|0|0|0|0|0|0|-3013
20096954|1643570|"REXONA DEO DRY SERUM NAT.BRIGHTENING FRESH SAKURA TUB 50mL"|-23|0|0|0|0|86|0|0|-109
20103617|1643660|"LIFEBUOY ANTIBACTERIAL HANDWASH TOTAL 10 BTL 200mL"|-144|180|0|0|0|218|0|0|-182
20103646|1643680|"SAHAJA SPRAY HIGIENIS SAJADAH&MUKENA  BTL 50mL"|-7|0|0|0|0|0|0|0|-7
20090067|1667770|"SUNLIGHT PENCUCI PIRING REF MINT ANTI BAU PCH 755/700mL"|-2422|0|2|0|0|2|0|0|-2422
20090066|1667800|"WIPOL KARBOL SEREH+JERUK PCH 750mL"|-270|60|0|0|0|34|0|0|-244
20051947|1668260|"LUX SABUN MANDI CAIR PINK PUMP SOFT TOUCH BTL 580mL"|-75|0|0|0|0|33|0|0|-108
20052689|1668290|"AMBI PUR CAR AIR FRESHENER SKY BREEZE PCS 2ml"|288|72|0|0|0|0|0|0|360
20052690|1668300|"AMBI PUR CAR AIR FRESHENER LAVENDER COMFRT PCS 2ml"|288|54|0|0|0|0|0|0|342
20115359|1672380|"MARINA BODY LOTION RICH MOISTURIZING AVOCADO BTL 475mL"|-286|312|3|0|0|144|0|0|-115
20121099|1673050|"VASELINE HIJAB BRIGHT OMEGA NIGHT RENEW NOURISHNG SERUM TUB 180mL"|-198|0|0|0|0|66|0|0|-264
20121467|1673610|"PEPSODENT PASTA GIGI WHITE HERBAL VALUEPACK BDD 2x190g"|48|0|0|0|0|0|0|0|48
20121372|1673830|"RINSO DETERJEN POWDER + MOLTO PERFUME ESSENCE BAG 460g"|-804|0|0|0|0|516|0|0|-1320
20121373|1673850|"SUPER PELL PEMBERSIH LANTAI REF ANTI-BAC CITRUS PCH 500mL"|-518|0|0|0|0|0|0|0|-518
20062309|1675020|"REXONA DEO ROLL ON MEN ULTRA RECHARGE / V8 BTL 45mL"|-922|120|0|0|0|272|0|0|-1074
20062306|1675040|"REXONA DEODORANT ROLL ON MEN ICE COOL BTL 45mL"|-934|0|0|0|0|73|0|0|-1007
20062308|1675050|"REXONA DEODORANT ROLL ON MEN SPORT DEFENCE BTL 45mL"|-869|0|0|0|0|190|0|0|-1059
20062307|1675060|"REXONA DEODORANT ROLL ON MEN INVISIBLE DRY BTL 45mL"|-884|0|0|0|0|236|0|0|-1120
20074434|1686660|"LIFEBUOY SABUN MANDI TS (34270) LEMON FRESH BDD 4x110g"|69|0|20|0|0|4|0|0|85
20086360|1687220|"PANTENE SHAMPOO PRO-V HAIR FALL CNTRL BTL 210mL"|-96|0|0|0|0|14|0|0|-110
20086361|1687230|"PANTENE SHAMPOO PRO-V ANTI DANDRUFF BTL 210mL"|-23|0|0|0|0|18|0|0|-41
20086406|1687360|"CITRA PELEMBAB WAJAH SAKURA FAIR UV  POT 40g"|-210|0|0|0|0|34|0|0|-244
20086422|1687370|"GILLETTE RAZOR BLUE II FLEXI PLUS 3+1'S  PCK "|-126|480|0|0|0|329|0|0|25
20087003|1687730|"MOLTO PELEMBUT & PEWANGI PAKAIAN REF ALL IN 1 BLUE PCH 720/680mL"|-115|36|0|0|0|105|0|0|-184
20087004|1687740|"MOLTO PELEMBUT & PEWANGI PAKAIAN REF ALL IN 1 PINK PCH 720/680mL"|-351|132|0|0|0|209|0|0|-428
20087007|1687770|"RINSO DETERJEN POWDER + MOLTO ROSE FRESH PCK 240/215g"|-12048|0|0|0|0|0|0|0|-12048
20087019|1687860|"BEBELAC 4 SUSU PERTUMBUHAN HIQ-EQ MADU BOX 1000g"|880|0|0|0|0|0|0|0|880
20087027|1687910|"RINSO DETERJEN POWDER + MOLTO PERFUME ESSENCE PCK 240/215g"|-19188|0|0|0|0|0|0|0|-19188
20087202|1688270|"LIFEBUOY SABUN MANDI CAIR REFILL LEMON FRESH PCH 850/8285mL"|-205|0|0|0|0|46|0|0|-251
20087201|1688290|"REXONA DEO ROLL ON MEN MOTIONSENSE INVSBL+ANTIBACT BTL 45mL"|-547|0|0|0|0|27|0|0|-574
20118414|1689480|"MY BABY GIFT SET MINI PCK "|6107|0|11|0|0|114|0|0|6004
20102392|1700620|"SARIWANGI TEH CELUP ASLI BOX 30X1.85g"|-1034|240|0|0|0|464|0|0|-1258
20116108|1704570|"ZWITSAL BABY WIPES RICH MOISTURE PCK 2x40'S"|-338|0|0|0|0|0|0|0|-338
20116527|1705150|"ZWITSAL FACE & BODY CARE CREAM  POT 50g"|-1|96|0|0|0|134|0|0|-39
20094669|1708100|"CITRA HAND & BODY LOTION (NEW) SAKURA FAIR UV BTL 230mL"|-188|48|0|0|0|20|0|0|-160
20104647|1709220|"PONDS PEMBERSIH WAJAH ANTI BACTERIAL TUB 100g"|25|0|0|0|0|27|0|0|-2
20104950|1709680|"RINSO DETERGENT CAIR + MOLTO JAPANESE PEACH PCH 565/510mL"|863|576|0|0|0|415|0|0|1024
20111362|1711170|"REXONA DEO ROLL ON MEN MOTIONSENSE LIME COOL BTL 45mL"|-507|96|0|0|0|157|0|0|-568
20111404|1711180|"GILLETTE RAZOR BLUE II FLEXI  PCK "|-1384|0|0|0|0|224|0|0|-1608
20072006|1714330|"MY BABY MINYAK TELON PLUS LONGER PROTECTION BTL 90mL"|-438|0|0|0|0|64|0|0|-502
20111432|1780680|"PEPSODENT MOUTHWASH ACTIVE DEFENSE  BTL 300mL"|67|0|0|0|0|24|0|0|43
20117107|1781320|"BANGO KECAP MANIS REFILL  PCH 735mL"|-388|0|0|0|0|6|0|0|-394
20117224|1781410|"ORAL B SIKAT GIGI EASY CLEAN HERBAL SOFT PCK 3'S"|-1009|0|0|0|0|0|0|0|-1009
20120613|1781850|"PONDS SERUM WHIP FACIAL FOAM PURE BRIGHT TUB 100g"|132|24|0|0|0|49|0|0|107
20120782|1782030|"VICKS OBAT BATUK FORMULA JAHE MADU BTL 56mL"|-106|72|0|0|0|52|0|0|-86
20120871|1782640|"DOWNY SOFTENER FRENCH LAVENDER PCH 550mL"|-2675|156|0|0|0|21|0|0|-2540
20122746|1817550|"PEPSODENT PASTA GIGI HALAL SIWAK&HABBATUSS TUB 150+40g"|0|0|0|0|0|74|0|0|-74
20094163|1818460|"VASELINE BODY LOTION HEALTHY WHITE FRESH & FAIR BTL 200mL"|45|18|0|0|0|77|0|0|-14
20105336|1824410|"GILLETTE GUARD 3 CARTRIDGE 2'S  PCK "|-423|0|0|0|0|53|0|0|-476
20105337|1824420|"GILLETTE GUARD 3 RAZOR + CARTRIDGE 1'S  PCK "|-197|144|0|0|0|80|0|0|-133
20105340|1824470|"LIFEBUOY SABUN MANDI CAIR REFILL YOGHURT CARE PCH 450mL"|-636|0|0|0|0|10|0|0|-646
20105341|1824490|"AXE BODY SPRAY DEODORANT ICE CHILL KLG 150/135mL"|-202|0|0|0|0|46|0|0|-248
20094320|1831290|"CLEAR SHAMPOO ANTI DANDRUFF FRSH COOL LEMON BTL 160mL"|-471|0|0|0|0|59|0|0|-530
20094209|1831440|"ROYCO SUP KRIM KEPITING&JAGUNG PCK 44g"|-581|0|0|0|0|48|0|0|-629
20113712|1836320|"MOLTO PEWANGI PAKAIAN REFILL FLW.SHOWR(PINK) PCH 280mL"|-217|0|0|0|0|177|0|0|-394
20113713|1836330|"MOLTO PEWANGI PAKAIAN REFILL FLR.BLISS(BLUE) PCH 280mL"|-433|0|0|0|0|0|0|0|-433
20106302|1863410|"VASELINE REPAIRING JELLY ALOE POT 50ml"|-150|0|0|0|0|18|0|0|-168
20106381|1863730|"VIDORAN XMART3+ SUSU PERTUMBUHAN MADU BOX 950g"|102|144|4|0|0|151|0|0|99
20113323|1941770|"CLOSE UP PASTA GIGI WHITE ATTRACTION ACAI BERRY TUB 100g"|-262|0|0|0|0|47|0|0|-309
20113327|1941840|"PONDS AGE MIRACLE SERUM MASK ADVANCED YOUTH PCK 25g"|-52|0|0|0|0|10|0|0|-62
20113328|1941860|"PONDS VITAMIN DUO SHEET MASK VIT.B6 + TOMATO PCK 20g"|-56|0|0|0|0|3|0|0|-59
20113346|1942120|"VIDORAN XMART1+ SUSU PERTUMBUHAN VANILLA BOX 950g"|84|36|0|0|0|0|0|0|120
20108986|1942520|"ZWITSAL EAU DE TOILETTE  BTL 100mL"|-294|0|0|0|0|91|0|0|-385
